{"cameraMode":{"drawMode":0,"name":"Shaded","section":"Shading Mode"},"sceneLighting":true,"audioPlay":false,"sceneViewState":{"m_AlwaysRefresh":false,"showFog":true,"showSkybox":true,"showFlares":true,"showImageEffects":true,"showParticleSystems":true,"showVisualEffectGraphs":true,"m_FxEnabled":true},"in2DMode":false,"pivot":{"x":5.452705383300781,"y":1.4025501012802125,"z":0.4650005102157593},"rotation":{"x":0.030401548370718957,"y":-0.7047712802886963,"z":0.030246641486883165,"w":0.7081543207168579},"size":4.5186028480529789,"orthographic":true}