{"cameraMode":{"drawMode":0,"name":"Shaded","section":"Shading Mode"},"sceneLighting":false,"audioPlay":false,"sceneViewState":{"m_AlwaysRefresh":false,"showFog":true,"showSkybox":false,"showFlares":true,"showImageEffects":true,"showParticleSystems":true,"showVisualEffectGraphs":true,"m_FxEnabled":true},"in2DMode":false,"pivot":{"x":3.1251087188720705,"y":-3.3948419094085695,"z":0.34157371520996096},"rotation":{"x":0.19692273437976838,"y":-0.7448614239692688,"z":0.25015026330947878,"w":0.5863680839538574},"size":2.032855749130249,"orthographic":false}